{"cameraMode":{"drawMode":0,"name":"Shaded","section":"Shading Mode"},"sceneLighting":false,"audioPlay":false,"sceneViewState":{"m_AlwaysRefresh":false,"showFog":true,"showSkybox":false,"showFlares":true,"showImageEffects":true,"showParticleSystems":true,"showVisualEffectGraphs":true,"m_FxEnabled":false},"in2DMode":false,"pivot":{"x":-0.2999992370605469,"y":-1.7999999523162842,"z":1.6100000143051148},"rotation":{"x":0.09654796868562699,"y":-0.6788876056671143,"z":0.09075769037008286,"w":0.7221912741661072},"size":20.247119903564454,"orthographic":false}