{"cameraMode":{"drawMode":0,"name":"Shaded","section":"Shading Mode"},"sceneLighting":false,"audioPlay":false,"sceneViewState":{"m_AlwaysRefresh":false,"showFog":true,"showSkybox":false,"showFlares":true,"showImageEffects":true,"showParticleSystems":true,"showVisualEffectGraphs":true,"m_FxEnabled":false},"in2DMode":false,"pivot":{"x":-17.217214584350587,"y":1.9463825225830079,"z":5.69994592666626},"rotation":{"x":-0.047449395060539249,"y":0.5172003507614136,"z":0.028736047446727754,"w":0.8540815114974976},"size":0.5464674234390259,"orthographic":false}